R,dR,V,dV,I,dI,R_volt,dR_volt
219.480,0.005,6.4990,0.0005,0.02920,0.00005,-16000,2000
462.400,0.005,6.5000,0.0005,0.01360,0.00005,-14000,2000
2702.200,0.005,6.5000,0.0005,0.00200,0.00005,-16000,2000
26848.0,0.5,6.5000,0.0005,0.00010,0.00005,-50000,20000